{"client_meta":{"background_color":{"r":0.8980392217636108,"g":0.8980392217636108,"b":0.8980392217636108,"a":1},"thumbnail_size":{"width":400,"height":285},"render_coordinates":{"x":-5991,"y":-11978,"width":71609,"height":51075}},"file_name":"Powerconcept (Copy)","developer_related_links":[]}